source,text,rating,review_date,reviewer_name,title,subreddit,upvotes,external_id
reddit,Discover Weekly feels repetitive - discussion #1. Users report Spotify discovery feels stale and predictable.,,2024-01-02,reddit_user_1,Discover Weekly feels repetitive,spotify,6,t3_reddit_sample_1
reddit,Smart Shuffle keeps playing the same artists - discussion #2. Users report Spotify discovery feels stale and predictable.,,2024-01-03,reddit_user_2,Smart Shuffle keeps playing the same artists,truespotify,7,t3_reddit_sample_2
reddit,Algorithm recommendations are too narrow - discussion #3. Users report Spotify discovery feels stale and predictable.,,2024-01-04,reddit_user_3,Algorithm recommendations are too narrow,music,8,t1_reddit_sample_3
reddit,Hard to find new genres on Spotify - discussion #4. Users report Spotify discovery feels stale and predictable.,,2024-01-05,reddit_user_4,Hard to find new genres on Spotify,listentothis,9,t3_reddit_sample_4
reddit,Suggested songs feature is hit or miss - discussion #5. Users report Spotify discovery feels stale and predictable.,,2024-01-06,reddit_user_5,Suggested songs feature is hit or miss,spotify,10,t3_reddit_sample_5
reddit,Playlist recommendations ignore my listening history - discussion #6. Users report Spotify discovery feels stale and predictable.,,2024-01-07,reddit_user_6,Playlist recommendations ignore my listening history,truespotify,11,t1_reddit_sample_6
reddit,Radio stations loop the same tracks - discussion #7. Users report Spotify discovery feels stale and predictable.,,2024-01-08,reddit_user_7,Radio stations loop the same tracks,music,12,t3_reddit_sample_7
reddit,Release radar misses artists I follow - discussion #8. Users report Spotify discovery feels stale and predictable.,,2024-01-09,reddit_user_8,Release radar misses artists I follow,listentothis,13,t3_reddit_sample_8
reddit,Daily mix never changes - discussion #9. Users report Spotify discovery feels stale and predictable.,,2024-01-10,reddit_user_9,Daily mix never changes,spotify,14,t1_reddit_sample_9
reddit,Spotify wrapped skews my taste profile - discussion #10. Users report Spotify discovery feels stale and predictable.,,2024-01-11,reddit_user_10,Spotify wrapped skews my taste profile,truespotify,15,t3_reddit_sample_10
reddit,Discover Weekly feels repetitive - discussion #11. Users report Spotify discovery feels stale and predictable.,,2024-01-12,reddit_user_11,Discover Weekly feels repetitive,music,16,t3_reddit_sample_11
reddit,Smart Shuffle keeps playing the same artists - discussion #12. Users report Spotify discovery feels stale and predictable.,,2024-01-13,reddit_user_12,Smart Shuffle keeps playing the same artists,listentothis,17,t1_reddit_sample_12
reddit,Algorithm recommendations are too narrow - discussion #13. Users report Spotify discovery feels stale and predictable.,,2024-01-14,reddit_user_13,Algorithm recommendations are too narrow,spotify,18,t3_reddit_sample_13
reddit,Hard to find new genres on Spotify - discussion #14. Users report Spotify discovery feels stale and predictable.,,2024-01-15,reddit_user_14,Hard to find new genres on Spotify,truespotify,19,t3_reddit_sample_14
reddit,Suggested songs feature is hit or miss - discussion #15. Users report Spotify discovery feels stale and predictable.,,2024-01-16,reddit_user_15,Suggested songs feature is hit or miss,music,20,t1_reddit_sample_15
reddit,Playlist recommendations ignore my listening history - discussion #16. Users report Spotify discovery feels stale and predictable.,,2024-01-17,reddit_user_16,Playlist recommendations ignore my listening history,listentothis,21,t3_reddit_sample_16
reddit,Radio stations loop the same tracks - discussion #17. Users report Spotify discovery feels stale and predictable.,,2024-01-18,reddit_user_17,Radio stations loop the same tracks,spotify,22,t3_reddit_sample_17
reddit,Release radar misses artists I follow - discussion #18. Users report Spotify discovery feels stale and predictable.,,2024-01-19,reddit_user_18,Release radar misses artists I follow,truespotify,23,t1_reddit_sample_18
reddit,Daily mix never changes - discussion #19. Users report Spotify discovery feels stale and predictable.,,2024-01-20,reddit_user_19,Daily mix never changes,music,24,t3_reddit_sample_19
reddit,Spotify wrapped skews my taste profile - discussion #20. Users report Spotify discovery feels stale and predictable.,,2024-01-21,reddit_user_20,Spotify wrapped skews my taste profile,listentothis,25,t3_reddit_sample_20
reddit,Discover Weekly feels repetitive - discussion #21. Users report Spotify discovery feels stale and predictable.,,2024-01-22,reddit_user_21,Discover Weekly feels repetitive,spotify,26,t1_reddit_sample_21
reddit,Smart Shuffle keeps playing the same artists - discussion #22. Users report Spotify discovery feels stale and predictable.,,2024-01-23,reddit_user_22,Smart Shuffle keeps playing the same artists,truespotify,27,t3_reddit_sample_22
reddit,Algorithm recommendations are too narrow - discussion #23. Users report Spotify discovery feels stale and predictable.,,2024-01-24,reddit_user_23,Algorithm recommendations are too narrow,music,28,t3_reddit_sample_23
reddit,Hard to find new genres on Spotify - discussion #24. Users report Spotify discovery feels stale and predictable.,,2024-01-25,reddit_user_24,Hard to find new genres on Spotify,listentothis,29,t1_reddit_sample_24
reddit,Suggested songs feature is hit or miss - discussion #25. Users report Spotify discovery feels stale and predictable.,,2024-01-26,reddit_user_25,Suggested songs feature is hit or miss,spotify,30,t3_reddit_sample_25
reddit,Playlist recommendations ignore my listening history - discussion #26. Users report Spotify discovery feels stale and predictable.,,2024-01-27,reddit_user_26,Playlist recommendations ignore my listening history,truespotify,31,t3_reddit_sample_26
reddit,Radio stations loop the same tracks - discussion #27. Users report Spotify discovery feels stale and predictable.,,2024-01-28,reddit_user_27,Radio stations loop the same tracks,music,32,t1_reddit_sample_27
reddit,Release radar misses artists I follow - discussion #28. Users report Spotify discovery feels stale and predictable.,,2024-01-29,reddit_user_28,Release radar misses artists I follow,listentothis,33,t3_reddit_sample_28
reddit,Daily mix never changes - discussion #29. Users report Spotify discovery feels stale and predictable.,,2024-01-30,reddit_user_29,Daily mix never changes,spotify,34,t3_reddit_sample_29
reddit,Spotify wrapped skews my taste profile - discussion #30. Users report Spotify discovery feels stale and predictable.,,2024-01-31,reddit_user_30,Spotify wrapped skews my taste profile,truespotify,35,t1_reddit_sample_30
reddit,Discover Weekly feels repetitive - discussion #31. Users report Spotify discovery feels stale and predictable.,,2024-02-01,reddit_user_31,Discover Weekly feels repetitive,music,36,t3_reddit_sample_31
reddit,Smart Shuffle keeps playing the same artists - discussion #32. Users report Spotify discovery feels stale and predictable.,,2024-02-02,reddit_user_32,Smart Shuffle keeps playing the same artists,listentothis,37,t3_reddit_sample_32
reddit,Algorithm recommendations are too narrow - discussion #33. Users report Spotify discovery feels stale and predictable.,,2024-02-03,reddit_user_33,Algorithm recommendations are too narrow,spotify,38,t1_reddit_sample_33
reddit,Hard to find new genres on Spotify - discussion #34. Users report Spotify discovery feels stale and predictable.,,2024-02-04,reddit_user_34,Hard to find new genres on Spotify,truespotify,39,t3_reddit_sample_34
reddit,Suggested songs feature is hit or miss - discussion #35. Users report Spotify discovery feels stale and predictable.,,2024-02-05,reddit_user_35,Suggested songs feature is hit or miss,music,40,t3_reddit_sample_35
reddit,Playlist recommendations ignore my listening history - discussion #36. Users report Spotify discovery feels stale and predictable.,,2024-02-06,reddit_user_36,Playlist recommendations ignore my listening history,listentothis,41,t1_reddit_sample_36
reddit,Radio stations loop the same tracks - discussion #37. Users report Spotify discovery feels stale and predictable.,,2024-02-07,reddit_user_37,Radio stations loop the same tracks,spotify,42,t3_reddit_sample_37
reddit,Release radar misses artists I follow - discussion #38. Users report Spotify discovery feels stale and predictable.,,2024-02-08,reddit_user_38,Release radar misses artists I follow,truespotify,43,t3_reddit_sample_38
reddit,Daily mix never changes - discussion #39. Users report Spotify discovery feels stale and predictable.,,2024-02-09,reddit_user_39,Daily mix never changes,music,44,t1_reddit_sample_39
reddit,Spotify wrapped skews my taste profile - discussion #40. Users report Spotify discovery feels stale and predictable.,,2024-02-10,reddit_user_40,Spotify wrapped skews my taste profile,listentothis,45,t3_reddit_sample_40
reddit,Discover Weekly feels repetitive - discussion #41. Users report Spotify discovery feels stale and predictable.,,2024-02-11,reddit_user_41,Discover Weekly feels repetitive,spotify,46,t3_reddit_sample_41
reddit,Smart Shuffle keeps playing the same artists - discussion #42. Users report Spotify discovery feels stale and predictable.,,2024-02-12,reddit_user_42,Smart Shuffle keeps playing the same artists,truespotify,47,t1_reddit_sample_42
reddit,Algorithm recommendations are too narrow - discussion #43. Users report Spotify discovery feels stale and predictable.,,2024-02-13,reddit_user_43,Algorithm recommendations are too narrow,music,48,t3_reddit_sample_43
reddit,Hard to find new genres on Spotify - discussion #44. Users report Spotify discovery feels stale and predictable.,,2024-02-14,reddit_user_44,Hard to find new genres on Spotify,listentothis,49,t3_reddit_sample_44
reddit,Suggested songs feature is hit or miss - discussion #45. Users report Spotify discovery feels stale and predictable.,,2024-02-15,reddit_user_45,Suggested songs feature is hit or miss,spotify,50,t1_reddit_sample_45
reddit,Playlist recommendations ignore my listening history - discussion #46. Users report Spotify discovery feels stale and predictable.,,2024-02-16,reddit_user_46,Playlist recommendations ignore my listening history,truespotify,51,t3_reddit_sample_46
reddit,Radio stations loop the same tracks - discussion #47. Users report Spotify discovery feels stale and predictable.,,2024-02-17,reddit_user_47,Radio stations loop the same tracks,music,52,t3_reddit_sample_47
reddit,Release radar misses artists I follow - discussion #48. Users report Spotify discovery feels stale and predictable.,,2024-02-18,reddit_user_48,Release radar misses artists I follow,listentothis,53,t1_reddit_sample_48
reddit,Daily mix never changes - discussion #49. Users report Spotify discovery feels stale and predictable.,,2024-02-19,reddit_user_49,Daily mix never changes,spotify,54,t3_reddit_sample_49
reddit,Spotify wrapped skews my taste profile - discussion #50. Users report Spotify discovery feels stale and predictable.,,2024-02-20,reddit_user_50,Spotify wrapped skews my taste profile,truespotify,55,t3_reddit_sample_50
reddit,Discover Weekly feels repetitive - discussion #51. Users report Spotify discovery feels stale and predictable.,,2024-02-21,reddit_user_51,Discover Weekly feels repetitive,music,56,t1_reddit_sample_51
reddit,Smart Shuffle keeps playing the same artists - discussion #52. Users report Spotify discovery feels stale and predictable.,,2024-02-22,reddit_user_52,Smart Shuffle keeps playing the same artists,listentothis,57,t3_reddit_sample_52
reddit,Algorithm recommendations are too narrow - discussion #53. Users report Spotify discovery feels stale and predictable.,,2024-02-23,reddit_user_53,Algorithm recommendations are too narrow,spotify,58,t3_reddit_sample_53
reddit,Hard to find new genres on Spotify - discussion #54. Users report Spotify discovery feels stale and predictable.,,2024-02-24,reddit_user_54,Hard to find new genres on Spotify,truespotify,59,t1_reddit_sample_54
reddit,Suggested songs feature is hit or miss - discussion #55. Users report Spotify discovery feels stale and predictable.,,2024-02-25,reddit_user_55,Suggested songs feature is hit or miss,music,60,t3_reddit_sample_55
reddit,Playlist recommendations ignore my listening history - discussion #56. Users report Spotify discovery feels stale and predictable.,,2024-02-26,reddit_user_56,Playlist recommendations ignore my listening history,listentothis,61,t3_reddit_sample_56
reddit,Radio stations loop the same tracks - discussion #57. Users report Spotify discovery feels stale and predictable.,,2024-02-27,reddit_user_57,Radio stations loop the same tracks,spotify,62,t1_reddit_sample_57
reddit,Release radar misses artists I follow - discussion #58. Users report Spotify discovery feels stale and predictable.,,2024-02-28,reddit_user_58,Release radar misses artists I follow,truespotify,63,t3_reddit_sample_58
reddit,Daily mix never changes - discussion #59. Users report Spotify discovery feels stale and predictable.,,2024-02-29,reddit_user_59,Daily mix never changes,music,64,t3_reddit_sample_59
reddit,Spotify wrapped skews my taste profile - discussion #60. Users report Spotify discovery feels stale and predictable.,,2024-03-01,reddit_user_60,Spotify wrapped skews my taste profile,listentothis,65,t1_reddit_sample_60
reddit,Discover Weekly feels repetitive - discussion #61. Users report Spotify discovery feels stale and predictable.,,2024-03-02,reddit_user_61,Discover Weekly feels repetitive,spotify,66,t3_reddit_sample_61
reddit,Smart Shuffle keeps playing the same artists - discussion #62. Users report Spotify discovery feels stale and predictable.,,2024-03-03,reddit_user_62,Smart Shuffle keeps playing the same artists,truespotify,67,t3_reddit_sample_62
reddit,Algorithm recommendations are too narrow - discussion #63. Users report Spotify discovery feels stale and predictable.,,2024-03-04,reddit_user_63,Algorithm recommendations are too narrow,music,68,t1_reddit_sample_63
reddit,Hard to find new genres on Spotify - discussion #64. Users report Spotify discovery feels stale and predictable.,,2024-03-05,reddit_user_64,Hard to find new genres on Spotify,listentothis,69,t3_reddit_sample_64
reddit,Suggested songs feature is hit or miss - discussion #65. Users report Spotify discovery feels stale and predictable.,,2024-03-06,reddit_user_65,Suggested songs feature is hit or miss,spotify,70,t3_reddit_sample_65
reddit,Playlist recommendations ignore my listening history - discussion #66. Users report Spotify discovery feels stale and predictable.,,2024-03-07,reddit_user_66,Playlist recommendations ignore my listening history,truespotify,71,t1_reddit_sample_66
reddit,Radio stations loop the same tracks - discussion #67. Users report Spotify discovery feels stale and predictable.,,2024-03-08,reddit_user_67,Radio stations loop the same tracks,music,72,t3_reddit_sample_67
reddit,Release radar misses artists I follow - discussion #68. Users report Spotify discovery feels stale and predictable.,,2024-03-09,reddit_user_68,Release radar misses artists I follow,listentothis,73,t3_reddit_sample_68
reddit,Daily mix never changes - discussion #69. Users report Spotify discovery feels stale and predictable.,,2024-03-10,reddit_user_69,Daily mix never changes,spotify,74,t1_reddit_sample_69
reddit,Spotify wrapped skews my taste profile - discussion #70. Users report Spotify discovery feels stale and predictable.,,2024-03-11,reddit_user_70,Spotify wrapped skews my taste profile,truespotify,75,t3_reddit_sample_70
reddit,Discover Weekly feels repetitive - discussion #71. Users report Spotify discovery feels stale and predictable.,,2024-03-12,reddit_user_71,Discover Weekly feels repetitive,music,76,t3_reddit_sample_71
reddit,Smart Shuffle keeps playing the same artists - discussion #72. Users report Spotify discovery feels stale and predictable.,,2024-03-13,reddit_user_72,Smart Shuffle keeps playing the same artists,listentothis,77,t1_reddit_sample_72
reddit,Algorithm recommendations are too narrow - discussion #73. Users report Spotify discovery feels stale and predictable.,,2024-03-14,reddit_user_73,Algorithm recommendations are too narrow,spotify,78,t3_reddit_sample_73
reddit,Hard to find new genres on Spotify - discussion #74. Users report Spotify discovery feels stale and predictable.,,2024-03-15,reddit_user_74,Hard to find new genres on Spotify,truespotify,79,t3_reddit_sample_74
reddit,Suggested songs feature is hit or miss - discussion #75. Users report Spotify discovery feels stale and predictable.,,2024-03-16,reddit_user_75,Suggested songs feature is hit or miss,music,80,t1_reddit_sample_75
reddit,Playlist recommendations ignore my listening history - discussion #76. Users report Spotify discovery feels stale and predictable.,,2024-03-17,reddit_user_76,Playlist recommendations ignore my listening history,listentothis,81,t3_reddit_sample_76
reddit,Radio stations loop the same tracks - discussion #77. Users report Spotify discovery feels stale and predictable.,,2024-03-18,reddit_user_77,Radio stations loop the same tracks,spotify,82,t3_reddit_sample_77
reddit,Release radar misses artists I follow - discussion #78. Users report Spotify discovery feels stale and predictable.,,2024-03-19,reddit_user_78,Release radar misses artists I follow,truespotify,83,t1_reddit_sample_78
reddit,Daily mix never changes - discussion #79. Users report Spotify discovery feels stale and predictable.,,2024-03-20,reddit_user_79,Daily mix never changes,music,84,t3_reddit_sample_79
reddit,Spotify wrapped skews my taste profile - discussion #80. Users report Spotify discovery feels stale and predictable.,,2024-03-21,reddit_user_80,Spotify wrapped skews my taste profile,listentothis,85,t3_reddit_sample_80
reddit,Discover Weekly feels repetitive - discussion #81. Users report Spotify discovery feels stale and predictable.,,2024-03-22,reddit_user_81,Discover Weekly feels repetitive,spotify,86,t1_reddit_sample_81
reddit,Smart Shuffle keeps playing the same artists - discussion #82. Users report Spotify discovery feels stale and predictable.,,2024-03-23,reddit_user_82,Smart Shuffle keeps playing the same artists,truespotify,87,t3_reddit_sample_82
reddit,Algorithm recommendations are too narrow - discussion #83. Users report Spotify discovery feels stale and predictable.,,2024-03-24,reddit_user_83,Algorithm recommendations are too narrow,music,88,t3_reddit_sample_83
reddit,Hard to find new genres on Spotify - discussion #84. Users report Spotify discovery feels stale and predictable.,,2024-03-25,reddit_user_84,Hard to find new genres on Spotify,listentothis,89,t1_reddit_sample_84
reddit,Suggested songs feature is hit or miss - discussion #85. Users report Spotify discovery feels stale and predictable.,,2024-03-26,reddit_user_85,Suggested songs feature is hit or miss,spotify,90,t3_reddit_sample_85
reddit,Playlist recommendations ignore my listening history - discussion #86. Users report Spotify discovery feels stale and predictable.,,2024-03-27,reddit_user_86,Playlist recommendations ignore my listening history,truespotify,91,t3_reddit_sample_86
reddit,Radio stations loop the same tracks - discussion #87. Users report Spotify discovery feels stale and predictable.,,2024-03-28,reddit_user_87,Radio stations loop the same tracks,music,92,t1_reddit_sample_87
reddit,Release radar misses artists I follow - discussion #88. Users report Spotify discovery feels stale and predictable.,,2024-03-29,reddit_user_88,Release radar misses artists I follow,listentothis,93,t3_reddit_sample_88
reddit,Daily mix never changes - discussion #89. Users report Spotify discovery feels stale and predictable.,,2024-03-30,reddit_user_89,Daily mix never changes,spotify,94,t3_reddit_sample_89
reddit,Spotify wrapped skews my taste profile - discussion #90. Users report Spotify discovery feels stale and predictable.,,2024-03-31,reddit_user_90,Spotify wrapped skews my taste profile,truespotify,95,t1_reddit_sample_90
reddit,Discover Weekly feels repetitive - discussion #91. Users report Spotify discovery feels stale and predictable.,,2024-04-01,reddit_user_91,Discover Weekly feels repetitive,music,96,t3_reddit_sample_91
reddit,Smart Shuffle keeps playing the same artists - discussion #92. Users report Spotify discovery feels stale and predictable.,,2024-04-02,reddit_user_92,Smart Shuffle keeps playing the same artists,listentothis,97,t3_reddit_sample_92
reddit,Algorithm recommendations are too narrow - discussion #93. Users report Spotify discovery feels stale and predictable.,,2024-04-03,reddit_user_93,Algorithm recommendations are too narrow,spotify,98,t1_reddit_sample_93
reddit,Hard to find new genres on Spotify - discussion #94. Users report Spotify discovery feels stale and predictable.,,2024-04-04,reddit_user_94,Hard to find new genres on Spotify,truespotify,99,t3_reddit_sample_94
reddit,Suggested songs feature is hit or miss - discussion #95. Users report Spotify discovery feels stale and predictable.,,2024-04-05,reddit_user_95,Suggested songs feature is hit or miss,music,100,t3_reddit_sample_95
reddit,Playlist recommendations ignore my listening history - discussion #96. Users report Spotify discovery feels stale and predictable.,,2024-04-06,reddit_user_96,Playlist recommendations ignore my listening history,listentothis,101,t1_reddit_sample_96
reddit,Radio stations loop the same tracks - discussion #97. Users report Spotify discovery feels stale and predictable.,,2024-04-07,reddit_user_97,Radio stations loop the same tracks,spotify,102,t3_reddit_sample_97
reddit,Release radar misses artists I follow - discussion #98. Users report Spotify discovery feels stale and predictable.,,2024-04-08,reddit_user_98,Release radar misses artists I follow,truespotify,103,t3_reddit_sample_98
reddit,Daily mix never changes - discussion #99. Users report Spotify discovery feels stale and predictable.,,2024-04-09,reddit_user_99,Daily mix never changes,music,104,t1_reddit_sample_99
reddit,Spotify wrapped skews my taste profile - discussion #100. Users report Spotify discovery feels stale and predictable.,,2024-04-10,reddit_user_100,Spotify wrapped skews my taste profile,listentothis,105,t3_reddit_sample_100
reddit,Discover Weekly feels repetitive - discussion #101. Users report Spotify discovery feels stale and predictable.,,2024-04-11,reddit_user_101,Discover Weekly feels repetitive,spotify,106,t3_reddit_sample_101
reddit,Smart Shuffle keeps playing the same artists - discussion #102. Users report Spotify discovery feels stale and predictable.,,2024-04-12,reddit_user_102,Smart Shuffle keeps playing the same artists,truespotify,107,t1_reddit_sample_102
reddit,Algorithm recommendations are too narrow - discussion #103. Users report Spotify discovery feels stale and predictable.,,2024-04-13,reddit_user_103,Algorithm recommendations are too narrow,music,108,t3_reddit_sample_103
reddit,Hard to find new genres on Spotify - discussion #104. Users report Spotify discovery feels stale and predictable.,,2024-04-14,reddit_user_104,Hard to find new genres on Spotify,listentothis,109,t3_reddit_sample_104
reddit,Suggested songs feature is hit or miss - discussion #105. Users report Spotify discovery feels stale and predictable.,,2024-04-15,reddit_user_105,Suggested songs feature is hit or miss,spotify,110,t1_reddit_sample_105
reddit,Playlist recommendations ignore my listening history - discussion #106. Users report Spotify discovery feels stale and predictable.,,2024-04-16,reddit_user_106,Playlist recommendations ignore my listening history,truespotify,111,t3_reddit_sample_106
reddit,Radio stations loop the same tracks - discussion #107. Users report Spotify discovery feels stale and predictable.,,2024-04-17,reddit_user_107,Radio stations loop the same tracks,music,112,t3_reddit_sample_107
reddit,Release radar misses artists I follow - discussion #108. Users report Spotify discovery feels stale and predictable.,,2024-04-18,reddit_user_108,Release radar misses artists I follow,listentothis,113,t1_reddit_sample_108
reddit,Daily mix never changes - discussion #109. Users report Spotify discovery feels stale and predictable.,,2024-04-19,reddit_user_109,Daily mix never changes,spotify,114,t3_reddit_sample_109
reddit,Spotify wrapped skews my taste profile - discussion #110. Users report Spotify discovery feels stale and predictable.,,2024-04-20,reddit_user_110,Spotify wrapped skews my taste profile,truespotify,115,t3_reddit_sample_110
reddit,Discover Weekly feels repetitive - discussion #111. Users report Spotify discovery feels stale and predictable.,,2024-04-21,reddit_user_111,Discover Weekly feels repetitive,music,116,t1_reddit_sample_111
reddit,Smart Shuffle keeps playing the same artists - discussion #112. Users report Spotify discovery feels stale and predictable.,,2024-04-22,reddit_user_112,Smart Shuffle keeps playing the same artists,listentothis,117,t3_reddit_sample_112
reddit,Algorithm recommendations are too narrow - discussion #113. Users report Spotify discovery feels stale and predictable.,,2024-04-23,reddit_user_113,Algorithm recommendations are too narrow,spotify,118,t3_reddit_sample_113
reddit,Hard to find new genres on Spotify - discussion #114. Users report Spotify discovery feels stale and predictable.,,2024-04-24,reddit_user_114,Hard to find new genres on Spotify,truespotify,119,t1_reddit_sample_114
reddit,Suggested songs feature is hit or miss - discussion #115. Users report Spotify discovery feels stale and predictable.,,2024-04-25,reddit_user_115,Suggested songs feature is hit or miss,music,120,t3_reddit_sample_115
reddit,Playlist recommendations ignore my listening history - discussion #116. Users report Spotify discovery feels stale and predictable.,,2024-04-26,reddit_user_116,Playlist recommendations ignore my listening history,listentothis,121,t3_reddit_sample_116
reddit,Radio stations loop the same tracks - discussion #117. Users report Spotify discovery feels stale and predictable.,,2024-04-27,reddit_user_117,Radio stations loop the same tracks,spotify,122,t1_reddit_sample_117
reddit,Release radar misses artists I follow - discussion #118. Users report Spotify discovery feels stale and predictable.,,2024-04-28,reddit_user_118,Release radar misses artists I follow,truespotify,123,t3_reddit_sample_118
reddit,Daily mix never changes - discussion #119. Users report Spotify discovery feels stale and predictable.,,2024-04-29,reddit_user_119,Daily mix never changes,music,124,t3_reddit_sample_119
reddit,Spotify wrapped skews my taste profile - discussion #120. Users report Spotify discovery feels stale and predictable.,,2024-04-30,reddit_user_120,Spotify wrapped skews my taste profile,listentothis,125,t1_reddit_sample_120
reddit,Discover Weekly feels repetitive - discussion #121. Users report Spotify discovery feels stale and predictable.,,2024-05-01,reddit_user_121,Discover Weekly feels repetitive,spotify,126,t3_reddit_sample_121
reddit,Smart Shuffle keeps playing the same artists - discussion #122. Users report Spotify discovery feels stale and predictable.,,2024-05-02,reddit_user_122,Smart Shuffle keeps playing the same artists,truespotify,127,t3_reddit_sample_122
reddit,Algorithm recommendations are too narrow - discussion #123. Users report Spotify discovery feels stale and predictable.,,2024-05-03,reddit_user_123,Algorithm recommendations are too narrow,music,128,t1_reddit_sample_123
reddit,Hard to find new genres on Spotify - discussion #124. Users report Spotify discovery feels stale and predictable.,,2024-05-04,reddit_user_124,Hard to find new genres on Spotify,listentothis,129,t3_reddit_sample_124
reddit,Suggested songs feature is hit or miss - discussion #125. Users report Spotify discovery feels stale and predictable.,,2024-05-05,reddit_user_125,Suggested songs feature is hit or miss,spotify,130,t3_reddit_sample_125
reddit,Playlist recommendations ignore my listening history - discussion #126. Users report Spotify discovery feels stale and predictable.,,2024-05-06,reddit_user_126,Playlist recommendations ignore my listening history,truespotify,131,t1_reddit_sample_126
reddit,Radio stations loop the same tracks - discussion #127. Users report Spotify discovery feels stale and predictable.,,2024-05-07,reddit_user_127,Radio stations loop the same tracks,music,132,t3_reddit_sample_127
reddit,Release radar misses artists I follow - discussion #128. Users report Spotify discovery feels stale and predictable.,,2024-05-08,reddit_user_128,Release radar misses artists I follow,listentothis,133,t3_reddit_sample_128
reddit,Daily mix never changes - discussion #129. Users report Spotify discovery feels stale and predictable.,,2024-05-09,reddit_user_129,Daily mix never changes,spotify,134,t1_reddit_sample_129
reddit,Spotify wrapped skews my taste profile - discussion #130. Users report Spotify discovery feels stale and predictable.,,2024-05-10,reddit_user_130,Spotify wrapped skews my taste profile,truespotify,135,t3_reddit_sample_130
reddit,Discover Weekly feels repetitive - discussion #131. Users report Spotify discovery feels stale and predictable.,,2024-05-11,reddit_user_131,Discover Weekly feels repetitive,music,136,t3_reddit_sample_131
reddit,Smart Shuffle keeps playing the same artists - discussion #132. Users report Spotify discovery feels stale and predictable.,,2024-05-12,reddit_user_132,Smart Shuffle keeps playing the same artists,listentothis,137,t1_reddit_sample_132
reddit,Algorithm recommendations are too narrow - discussion #133. Users report Spotify discovery feels stale and predictable.,,2024-05-13,reddit_user_133,Algorithm recommendations are too narrow,spotify,138,t3_reddit_sample_133
reddit,Hard to find new genres on Spotify - discussion #134. Users report Spotify discovery feels stale and predictable.,,2024-05-14,reddit_user_134,Hard to find new genres on Spotify,truespotify,139,t3_reddit_sample_134
reddit,Suggested songs feature is hit or miss - discussion #135. Users report Spotify discovery feels stale and predictable.,,2024-05-15,reddit_user_135,Suggested songs feature is hit or miss,music,140,t1_reddit_sample_135
reddit,Playlist recommendations ignore my listening history - discussion #136. Users report Spotify discovery feels stale and predictable.,,2024-05-16,reddit_user_136,Playlist recommendations ignore my listening history,listentothis,141,t3_reddit_sample_136
reddit,Radio stations loop the same tracks - discussion #137. Users report Spotify discovery feels stale and predictable.,,2024-05-17,reddit_user_137,Radio stations loop the same tracks,spotify,142,t3_reddit_sample_137
reddit,Release radar misses artists I follow - discussion #138. Users report Spotify discovery feels stale and predictable.,,2024-05-18,reddit_user_138,Release radar misses artists I follow,truespotify,143,t1_reddit_sample_138
reddit,Daily mix never changes - discussion #139. Users report Spotify discovery feels stale and predictable.,,2024-05-19,reddit_user_139,Daily mix never changes,music,144,t3_reddit_sample_139
reddit,Spotify wrapped skews my taste profile - discussion #140. Users report Spotify discovery feels stale and predictable.,,2024-05-20,reddit_user_140,Spotify wrapped skews my taste profile,listentothis,145,t3_reddit_sample_140
reddit,Discover Weekly feels repetitive - discussion #141. Users report Spotify discovery feels stale and predictable.,,2024-05-21,reddit_user_141,Discover Weekly feels repetitive,spotify,146,t1_reddit_sample_141
reddit,Smart Shuffle keeps playing the same artists - discussion #142. Users report Spotify discovery feels stale and predictable.,,2024-05-22,reddit_user_142,Smart Shuffle keeps playing the same artists,truespotify,147,t3_reddit_sample_142
reddit,Algorithm recommendations are too narrow - discussion #143. Users report Spotify discovery feels stale and predictable.,,2024-05-23,reddit_user_143,Algorithm recommendations are too narrow,music,148,t3_reddit_sample_143
reddit,Hard to find new genres on Spotify - discussion #144. Users report Spotify discovery feels stale and predictable.,,2024-05-24,reddit_user_144,Hard to find new genres on Spotify,listentothis,149,t1_reddit_sample_144
reddit,Suggested songs feature is hit or miss - discussion #145. Users report Spotify discovery feels stale and predictable.,,2024-05-25,reddit_user_145,Suggested songs feature is hit or miss,spotify,150,t3_reddit_sample_145
reddit,Playlist recommendations ignore my listening history - discussion #146. Users report Spotify discovery feels stale and predictable.,,2024-05-26,reddit_user_146,Playlist recommendations ignore my listening history,truespotify,151,t3_reddit_sample_146
reddit,Radio stations loop the same tracks - discussion #147. Users report Spotify discovery feels stale and predictable.,,2024-05-27,reddit_user_147,Radio stations loop the same tracks,music,152,t1_reddit_sample_147
reddit,Release radar misses artists I follow - discussion #148. Users report Spotify discovery feels stale and predictable.,,2024-05-28,reddit_user_148,Release radar misses artists I follow,listentothis,153,t3_reddit_sample_148
reddit,Daily mix never changes - discussion #149. Users report Spotify discovery feels stale and predictable.,,2024-05-29,reddit_user_149,Daily mix never changes,spotify,154,t3_reddit_sample_149
reddit,Spotify wrapped skews my taste profile - discussion #150. Users report Spotify discovery feels stale and predictable.,,2024-05-30,reddit_user_150,Spotify wrapped skews my taste profile,truespotify,155,t1_reddit_sample_150
reddit,Discover Weekly feels repetitive - discussion #151. Users report Spotify discovery feels stale and predictable.,,2024-05-31,reddit_user_151,Discover Weekly feels repetitive,music,156,t3_reddit_sample_151
reddit,Smart Shuffle keeps playing the same artists - discussion #152. Users report Spotify discovery feels stale and predictable.,,2024-06-01,reddit_user_152,Smart Shuffle keeps playing the same artists,listentothis,157,t3_reddit_sample_152
reddit,Algorithm recommendations are too narrow - discussion #153. Users report Spotify discovery feels stale and predictable.,,2024-06-02,reddit_user_153,Algorithm recommendations are too narrow,spotify,158,t1_reddit_sample_153
reddit,Hard to find new genres on Spotify - discussion #154. Users report Spotify discovery feels stale and predictable.,,2024-06-03,reddit_user_154,Hard to find new genres on Spotify,truespotify,159,t3_reddit_sample_154
reddit,Suggested songs feature is hit or miss - discussion #155. Users report Spotify discovery feels stale and predictable.,,2024-06-04,reddit_user_155,Suggested songs feature is hit or miss,music,160,t3_reddit_sample_155
reddit,Playlist recommendations ignore my listening history - discussion #156. Users report Spotify discovery feels stale and predictable.,,2024-06-05,reddit_user_156,Playlist recommendations ignore my listening history,listentothis,161,t1_reddit_sample_156
reddit,Radio stations loop the same tracks - discussion #157. Users report Spotify discovery feels stale and predictable.,,2024-06-06,reddit_user_157,Radio stations loop the same tracks,spotify,162,t3_reddit_sample_157
reddit,Release radar misses artists I follow - discussion #158. Users report Spotify discovery feels stale and predictable.,,2024-06-07,reddit_user_158,Release radar misses artists I follow,truespotify,163,t3_reddit_sample_158
reddit,Daily mix never changes - discussion #159. Users report Spotify discovery feels stale and predictable.,,2024-06-08,reddit_user_159,Daily mix never changes,music,164,t1_reddit_sample_159
reddit,Spotify wrapped skews my taste profile - discussion #160. Users report Spotify discovery feels stale and predictable.,,2024-06-09,reddit_user_160,Spotify wrapped skews my taste profile,listentothis,165,t3_reddit_sample_160
reddit,Discover Weekly feels repetitive - discussion #161. Users report Spotify discovery feels stale and predictable.,,2024-06-10,reddit_user_161,Discover Weekly feels repetitive,spotify,166,t3_reddit_sample_161
reddit,Smart Shuffle keeps playing the same artists - discussion #162. Users report Spotify discovery feels stale and predictable.,,2024-06-11,reddit_user_162,Smart Shuffle keeps playing the same artists,truespotify,167,t1_reddit_sample_162
reddit,Algorithm recommendations are too narrow - discussion #163. Users report Spotify discovery feels stale and predictable.,,2024-06-12,reddit_user_163,Algorithm recommendations are too narrow,music,168,t3_reddit_sample_163
reddit,Hard to find new genres on Spotify - discussion #164. Users report Spotify discovery feels stale and predictable.,,2024-06-13,reddit_user_164,Hard to find new genres on Spotify,listentothis,169,t3_reddit_sample_164
reddit,Suggested songs feature is hit or miss - discussion #165. Users report Spotify discovery feels stale and predictable.,,2024-06-14,reddit_user_165,Suggested songs feature is hit or miss,spotify,170,t1_reddit_sample_165
reddit,Playlist recommendations ignore my listening history - discussion #166. Users report Spotify discovery feels stale and predictable.,,2024-06-15,reddit_user_166,Playlist recommendations ignore my listening history,truespotify,171,t3_reddit_sample_166
reddit,Radio stations loop the same tracks - discussion #167. Users report Spotify discovery feels stale and predictable.,,2024-06-16,reddit_user_167,Radio stations loop the same tracks,music,172,t3_reddit_sample_167
reddit,Release radar misses artists I follow - discussion #168. Users report Spotify discovery feels stale and predictable.,,2024-06-17,reddit_user_168,Release radar misses artists I follow,listentothis,173,t1_reddit_sample_168
reddit,Daily mix never changes - discussion #169. Users report Spotify discovery feels stale and predictable.,,2024-06-18,reddit_user_169,Daily mix never changes,spotify,174,t3_reddit_sample_169
reddit,Spotify wrapped skews my taste profile - discussion #170. Users report Spotify discovery feels stale and predictable.,,2024-06-19,reddit_user_170,Spotify wrapped skews my taste profile,truespotify,175,t3_reddit_sample_170
reddit,Discover Weekly feels repetitive - discussion #171. Users report Spotify discovery feels stale and predictable.,,2024-06-20,reddit_user_171,Discover Weekly feels repetitive,music,176,t1_reddit_sample_171
reddit,Smart Shuffle keeps playing the same artists - discussion #172. Users report Spotify discovery feels stale and predictable.,,2024-06-21,reddit_user_172,Smart Shuffle keeps playing the same artists,listentothis,177,t3_reddit_sample_172
reddit,Algorithm recommendations are too narrow - discussion #173. Users report Spotify discovery feels stale and predictable.,,2024-06-22,reddit_user_173,Algorithm recommendations are too narrow,spotify,178,t3_reddit_sample_173
reddit,Hard to find new genres on Spotify - discussion #174. Users report Spotify discovery feels stale and predictable.,,2024-06-23,reddit_user_174,Hard to find new genres on Spotify,truespotify,179,t1_reddit_sample_174
reddit,Suggested songs feature is hit or miss - discussion #175. Users report Spotify discovery feels stale and predictable.,,2024-06-24,reddit_user_175,Suggested songs feature is hit or miss,music,180,t3_reddit_sample_175
reddit,Playlist recommendations ignore my listening history - discussion #176. Users report Spotify discovery feels stale and predictable.,,2024-06-25,reddit_user_176,Playlist recommendations ignore my listening history,listentothis,181,t3_reddit_sample_176
reddit,Radio stations loop the same tracks - discussion #177. Users report Spotify discovery feels stale and predictable.,,2024-06-26,reddit_user_177,Radio stations loop the same tracks,spotify,182,t1_reddit_sample_177
reddit,Release radar misses artists I follow - discussion #178. Users report Spotify discovery feels stale and predictable.,,2024-06-27,reddit_user_178,Release radar misses artists I follow,truespotify,183,t3_reddit_sample_178
reddit,Daily mix never changes - discussion #179. Users report Spotify discovery feels stale and predictable.,,2024-06-28,reddit_user_179,Daily mix never changes,music,184,t3_reddit_sample_179
reddit,Spotify wrapped skews my taste profile - discussion #180. Users report Spotify discovery feels stale and predictable.,,2024-06-29,reddit_user_180,Spotify wrapped skews my taste profile,listentothis,185,t1_reddit_sample_180
reddit,Discover Weekly feels repetitive - discussion #181. Users report Spotify discovery feels stale and predictable.,,2024-06-30,reddit_user_181,Discover Weekly feels repetitive,spotify,186,t3_reddit_sample_181
reddit,Smart Shuffle keeps playing the same artists - discussion #182. Users report Spotify discovery feels stale and predictable.,,2024-07-01,reddit_user_182,Smart Shuffle keeps playing the same artists,truespotify,187,t3_reddit_sample_182
reddit,Algorithm recommendations are too narrow - discussion #183. Users report Spotify discovery feels stale and predictable.,,2024-07-02,reddit_user_183,Algorithm recommendations are too narrow,music,188,t1_reddit_sample_183
reddit,Hard to find new genres on Spotify - discussion #184. Users report Spotify discovery feels stale and predictable.,,2024-07-03,reddit_user_184,Hard to find new genres on Spotify,listentothis,189,t3_reddit_sample_184
reddit,Suggested songs feature is hit or miss - discussion #185. Users report Spotify discovery feels stale and predictable.,,2024-07-04,reddit_user_185,Suggested songs feature is hit or miss,spotify,190,t3_reddit_sample_185
reddit,Playlist recommendations ignore my listening history - discussion #186. Users report Spotify discovery feels stale and predictable.,,2024-07-05,reddit_user_186,Playlist recommendations ignore my listening history,truespotify,191,t1_reddit_sample_186
reddit,Radio stations loop the same tracks - discussion #187. Users report Spotify discovery feels stale and predictable.,,2024-07-06,reddit_user_187,Radio stations loop the same tracks,music,192,t3_reddit_sample_187
reddit,Release radar misses artists I follow - discussion #188. Users report Spotify discovery feels stale and predictable.,,2024-07-07,reddit_user_188,Release radar misses artists I follow,listentothis,193,t3_reddit_sample_188
reddit,Daily mix never changes - discussion #189. Users report Spotify discovery feels stale and predictable.,,2024-07-08,reddit_user_189,Daily mix never changes,spotify,194,t1_reddit_sample_189
reddit,Spotify wrapped skews my taste profile - discussion #190. Users report Spotify discovery feels stale and predictable.,,2024-07-09,reddit_user_190,Spotify wrapped skews my taste profile,truespotify,195,t3_reddit_sample_190
reddit,Discover Weekly feels repetitive - discussion #191. Users report Spotify discovery feels stale and predictable.,,2024-07-10,reddit_user_191,Discover Weekly feels repetitive,music,196,t3_reddit_sample_191
reddit,Smart Shuffle keeps playing the same artists - discussion #192. Users report Spotify discovery feels stale and predictable.,,2024-07-11,reddit_user_192,Smart Shuffle keeps playing the same artists,listentothis,197,t1_reddit_sample_192
reddit,Algorithm recommendations are too narrow - discussion #193. Users report Spotify discovery feels stale and predictable.,,2024-07-12,reddit_user_193,Algorithm recommendations are too narrow,spotify,198,t3_reddit_sample_193
reddit,Hard to find new genres on Spotify - discussion #194. Users report Spotify discovery feels stale and predictable.,,2024-07-13,reddit_user_194,Hard to find new genres on Spotify,truespotify,199,t3_reddit_sample_194
reddit,Suggested songs feature is hit or miss - discussion #195. Users report Spotify discovery feels stale and predictable.,,2024-07-14,reddit_user_195,Suggested songs feature is hit or miss,music,200,t1_reddit_sample_195
reddit,Playlist recommendations ignore my listening history - discussion #196. Users report Spotify discovery feels stale and predictable.,,2024-07-15,reddit_user_196,Playlist recommendations ignore my listening history,listentothis,201,t3_reddit_sample_196
reddit,Radio stations loop the same tracks - discussion #197. Users report Spotify discovery feels stale and predictable.,,2024-07-16,reddit_user_197,Radio stations loop the same tracks,spotify,202,t3_reddit_sample_197
reddit,Release radar misses artists I follow - discussion #198. Users report Spotify discovery feels stale and predictable.,,2024-07-17,reddit_user_198,Release radar misses artists I follow,truespotify,203,t1_reddit_sample_198
reddit,Daily mix never changes - discussion #199. Users report Spotify discovery feels stale and predictable.,,2024-07-18,reddit_user_199,Daily mix never changes,music,204,t3_reddit_sample_199
reddit,Spotify wrapped skews my taste profile - discussion #200. Users report Spotify discovery feels stale and predictable.,,2024-07-19,reddit_user_200,Spotify wrapped skews my taste profile,listentothis,5,t3_reddit_sample_200
reddit,Discover Weekly feels repetitive - discussion #201. Users report Spotify discovery feels stale and predictable.,,2024-07-20,reddit_user_201,Discover Weekly feels repetitive,spotify,6,t1_reddit_sample_201
reddit,Smart Shuffle keeps playing the same artists - discussion #202. Users report Spotify discovery feels stale and predictable.,,2024-07-21,reddit_user_202,Smart Shuffle keeps playing the same artists,truespotify,7,t3_reddit_sample_202
reddit,Algorithm recommendations are too narrow - discussion #203. Users report Spotify discovery feels stale and predictable.,,2024-07-22,reddit_user_203,Algorithm recommendations are too narrow,music,8,t3_reddit_sample_203
reddit,Hard to find new genres on Spotify - discussion #204. Users report Spotify discovery feels stale and predictable.,,2024-07-23,reddit_user_204,Hard to find new genres on Spotify,listentothis,9,t1_reddit_sample_204
reddit,Suggested songs feature is hit or miss - discussion #205. Users report Spotify discovery feels stale and predictable.,,2024-07-24,reddit_user_205,Suggested songs feature is hit or miss,spotify,10,t3_reddit_sample_205
reddit,Playlist recommendations ignore my listening history - discussion #206. Users report Spotify discovery feels stale and predictable.,,2024-07-25,reddit_user_206,Playlist recommendations ignore my listening history,truespotify,11,t3_reddit_sample_206
reddit,Radio stations loop the same tracks - discussion #207. Users report Spotify discovery feels stale and predictable.,,2024-07-26,reddit_user_207,Radio stations loop the same tracks,music,12,t1_reddit_sample_207
reddit,Release radar misses artists I follow - discussion #208. Users report Spotify discovery feels stale and predictable.,,2024-07-27,reddit_user_208,Release radar misses artists I follow,listentothis,13,t3_reddit_sample_208
reddit,Daily mix never changes - discussion #209. Users report Spotify discovery feels stale and predictable.,,2024-07-28,reddit_user_209,Daily mix never changes,spotify,14,t3_reddit_sample_209
reddit,Spotify wrapped skews my taste profile - discussion #210. Users report Spotify discovery feels stale and predictable.,,2024-07-29,reddit_user_210,Spotify wrapped skews my taste profile,truespotify,15,t1_reddit_sample_210
